+Difficulty,Title,Frequency,Acceptance Rate,Link,Topics,DONE
EASY,Two Sum,100,0.55338459,https://leetcode.com/problems/two-sum,"Array, Hash Table",Y
EASY,Merge Strings Alternately,88.4,0.8205624,https://leetcode.com/problems/merge-strings-alternately,"Two Pointers, String",
EASY,Merge Sorted Array,85.4,0.524969827,https://leetcode.com/problems/merge-sorted-array,"Array, Two Pointers, Sorting",
EASY,Create Hello World Function,83.1,0.820560004,https://leetcode.com/problems/create-hello-world-function,,
MEDIUM,3Sum,79.2,0.366654037,https://leetcode.com/problems/3sum,"Array, Two Pointers, Sorting",
MEDIUM,Apply Substitutions,77.8,0.770636613,https://leetcode.com/problems/apply-substitutions,"Array, Hash Table, String, Depth-First Search, Breadth-First Search, Graph, Topological Sort",
MEDIUM,Number of Islands,76.2,0.618624374,https://leetcode.com/problems/number-of-islands,"Array, Depth-First Search, Breadth-First Search, Union Find, Matrix",
EASY,Recyclable and Low Fat Products,74.5,0.893434447,https://leetcode.com/problems/recyclable-and-low-fat-products,Database,
EASY,Palindrome Number,72.7,0.588632674,https://leetcode.com/problems/palindrome-number,Math,
HARD,Number of Islands II,72.7,0.400247887,https://leetcode.com/problems/number-of-islands-ii,"Array, Hash Table, Union Find",
EASY,Add Two Integers,70.7,0.881260277,https://leetcode.com/problems/add-two-integers,Math,
MEDIUM,Add Two Numbers,68.6,0.457198301,https://leetcode.com/problems/add-two-numbers,"Linked List, Math, Recursion",
EASY,Best Time to Buy and Sell Stock,68.6,0.54925069,https://leetcode.com/problems/best-time-to-buy-and-sell-stock,"Array, Dynamic Programming",
HARD,Median of Two Sorted Arrays,68.6,0.432342468,https://leetcode.com/problems/median-of-two-sorted-arrays,"Array, Binary Search, Divide and Conquer",
MEDIUM,Longest Substring Without Repeating Characters,68.6,0.365438079,https://leetcode.com/problems/longest-substring-without-repeating-characters,"Hash Table, String, Sliding Window",
MEDIUM,House Robber,66.2,0.520952306,https://leetcode.com/problems/house-robber,"Array, Dynamic Programming",
EASY,Plus One,63.5,0.47228594,https://leetcode.com/problems/plus-one,"Array, Math",
EASY,Remove Duplicates from Sorted Array,63.5,0.598068864,https://leetcode.com/problems/remove-duplicates-from-sorted-array,"Array, Two Pointers",
HARD,Russian Doll Envelopes,60.5,0.372092047,https://leetcode.com/problems/russian-doll-envelopes,"Array, Binary Search, Dynamic Programming, Sorting",
MEDIUM,Generate Parentheses,60.5,0.767503166,https://leetcode.com/problems/generate-parentheses,"String, Dynamic Programming, Backtracking",
MEDIUM,Meeting Rooms II,60.5,0.520057993,https://leetcode.com/problems/meeting-rooms-ii,"Array, Two Pointers, Greedy, Sorting, Heap (Priority Queue), Prefix Sum",
MEDIUM,LRU Cache,57.1,0.447175961,https://leetcode.com/problems/lru-cache,"Hash Table, Linked List, Design, Doubly-Linked List",
HARD,Range Module,57.1,0.441220787,https://leetcode.com/problems/range-module,"Design, Segment Tree, Ordered Set",
EASY,Longest Common Prefix,57.1,0.451019944,https://leetcode.com/problems/longest-common-prefix,"String, Trie",
EASY,Valid Palindrome,57.1,0.504535428,https://leetcode.com/problems/valid-palindrome,"Two Pointers, String",
HARD,Largest Rectangle in Histogram,57.1,0.468408199,https://leetcode.com/problems/largest-rectangle-in-histogram,"Array, Stack, Monotonic Stack",
MEDIUM,Exclusive Time of Functions,52.9,0.643378781,https://leetcode.com/problems/exclusive-time-of-functions,"Array, Stack",
MEDIUM,Move Pieces to Obtain a String,52.9,0.569060313,https://leetcode.com/problems/move-pieces-to-obtain-a-string,"Two Pointers, String",
MEDIUM,Longest Consecutive Sequence,52.9,0.471266899,https://leetcode.com/problems/longest-consecutive-sequence,"Array, Hash Table, Union Find",
EASY,Valid Anagram,52.9,0.663301801,https://leetcode.com/problems/valid-anagram,"Hash Table, String, Sorting",
EASY,Big Countries,52.9,0.68192964,https://leetcode.com/problems/big-countries,Database,
MEDIUM,Find Peak Element,52.9,0.463984779,https://leetcode.com/problems/find-peak-element,"Array, Binary Search",
EASY,Majority Element,52.9,0.655718821,https://leetcode.com/problems/majority-element,"Array, Hash Table, Divide and Conquer, Sorting, Counting",
EASY,Roman to Integer,52.9,0.644153351,https://leetcode.com/problems/roman-to-integer,"Hash Table, Math, String",
EASY,Max Consecutive Ones,52.9,0.620155655,https://leetcode.com/problems/max-consecutive-ones,Array,
EASY,Missing Number,52.9,0.696028418,https://leetcode.com/problems/missing-number,"Array, Hash Table, Math, Binary Search, Bit Manipulation, Sorting",
MEDIUM,Search a 2D Matrix,52.9,0.519446623,https://leetcode.com/problems/search-a-2d-matrix,"Array, Binary Search, Matrix",
EASY,Merge Two Sorted Lists,52.9,0.664896474,https://leetcode.com/problems/merge-two-sorted-lists,"Linked List, Recursion",
HARD,Sudoku Solver,47.9,0.637082321,https://leetcode.com/problems/sudoku-solver,"Array, Hash Table, Backtracking, Matrix",
MEDIUM,Remove K Digits,47.9,0.345876988,https://leetcode.com/problems/remove-k-digits,"String, Stack, Greedy, Monotonic Stack",
EASY,Unique Number of Occurrences,47.9,0.781359995,https://leetcode.com/problems/unique-number-of-occurrences,"Array, Hash Table",
MEDIUM,Max Consecutive Ones III,47.9,0.654936487,https://leetcode.com/problems/max-consecutive-ones-iii,"Array, Binary Search, Sliding Window, Prefix Sum",
EASY,Same Tree,47.9,0.646497333,https://leetcode.com/problems/same-tree,"Tree, Depth-First Search, Breadth-First Search, Binary Tree",
MEDIUM,Course Schedule,47.9,0.487141892,https://leetcode.com/problems/course-schedule,"Depth-First Search, Breadth-First Search, Graph, Topological Sort",
MEDIUM,Koko Eating Bananas,47.9,0.489547512,https://leetcode.com/problems/koko-eating-bananas,"Array, Binary Search",
EASY,Combine Two Tables,47.9,0.777349398,https://leetcode.com/problems/combine-two-tables,Database,
MEDIUM,House Robber IV,47.9,0.651690867,https://leetcode.com/problems/house-robber-iv,"Array, Binary Search",
HARD,Finding MK Average,47.9,0.380393723,https://leetcode.com/problems/finding-mk-average,"Design, Queue, Heap (Priority Queue), Data Stream, Ordered Set",
MEDIUM,Single Element in a Sorted Array,47.9,0.591798523,https://leetcode.com/problems/single-element-in-a-sorted-array,"Array, Binary Search",
MEDIUM,Sort Colors,47.9,0.666375839,https://leetcode.com/problems/sort-colors,"Array, Two Pointers, Sorting",
HARD,Trapping Rain Water,47.9,0.645646996,https://leetcode.com/problems/trapping-rain-water,"Array, Two Pointers, Dynamic Programming, Stack, Monotonic Stack",
MEDIUM,Zero Array Transformation I,47.9,0.457878341,https://leetcode.com/problems/zero-array-transformation-i,"Array, Prefix Sum",
MEDIUM,Container With Most Water,47.9,0.574009817,https://leetcode.com/problems/container-with-most-water,"Array, Two Pointers, Greedy",
MEDIUM,Rotate Image,47.9,0.774271622,https://leetcode.com/problems/rotate-image,"Array, Math, Matrix",
MEDIUM,Minimum Time to Repair Cars,47.9,0.599775159,https://leetcode.com/problems/minimum-time-to-repair-cars,"Array, Binary Search",
MEDIUM,Subsets,47.9,0.804723299,https://leetcode.com/problems/subsets,"Array, Backtracking, Bit Manipulation",
EASY,Binary Tree Inorder Traversal,41.6,0.782171735,https://leetcode.com/problems/binary-tree-inorder-traversal,"Stack, Tree, Depth-First Search, Binary Tree",
MEDIUM,Reverse Integer,41.6,0.300068588,https://leetcode.com/problems/reverse-integer,Math,
EASY,Climbing Stairs,41.6,0.534103138,https://leetcode.com/problems/climbing-stairs,"Math, Dynamic Programming, Memoization",
HARD,Serialize and Deserialize N-ary Tree,41.6,0.681350341,https://leetcode.com/problems/serialize-and-deserialize-n-ary-tree,"String, Tree, Depth-First Search, Breadth-First Search",
EASY,Logger Rate Limiter,41.6,0.764089736,https://leetcode.com/problems/logger-rate-limiter,"Hash Table, Design, Data Stream",
EASY,Valid Parentheses,41.6,0.420235165,https://leetcode.com/problems/valid-parentheses,"String, Stack",
EASY,Power of Two,41.6,0.48250969,https://leetcode.com/problems/power-of-two,"Math, Bit Manipulation, Recursion",
MEDIUM,The Earliest Moment When Everyone Become Friends,41.6,0.656201496,https://leetcode.com/problems/the-earliest-moment-when-everyone-become-friends,"Array, Union Find, Sorting",
MEDIUM,Rotate List,41.6,0.395980485,https://leetcode.com/problems/rotate-list,"Linked List, Two Pointers",
MEDIUM,Remove Nth Node From End of List,41.6,0.484057733,https://leetcode.com/problems/remove-nth-node-from-end-of-list,"Linked List, Two Pointers",
MEDIUM,Next Permutation,41.6,0.425864806,https://leetcode.com/problems/next-permutation,"Array, Two Pointers",
MEDIUM,Kth Largest Element in an Array,41.6,0.67740502,https://leetcode.com/problems/kth-largest-element-in-an-array,"Array, Divide and Conquer, Sorting, Heap (Priority Queue), Quickselect",
HARD,N-Queens,41.6,0.720561335,https://leetcode.com/problems/n-queens,"Array, Backtracking",
MEDIUM,Top K Frequent Elements,41.6,0.642517638,https://leetcode.com/problems/top-k-frequent-elements,"Array, Hash Table, Divide and Conquer, Sorting, Heap (Priority Queue), Bucket Sort, Counting, Quickselect",
MEDIUM,Letter Combinations of a Phone Number,41.6,0.633666417,https://leetcode.com/problems/letter-combinations-of-a-phone-number,"Hash Table, String, Backtracking",
MEDIUM,Spiral Matrix II,32.7,0.731251487,https://leetcode.com/problems/spiral-matrix-ii,"Array, Matrix, Simulation",
MEDIUM,Maximum Candies Allocated to K Children,32.7,0.501969894,https://leetcode.com/problems/maximum-candies-allocated-to-k-children,"Array, Binary Search",
MEDIUM,Zero Array Transformation II,32.7,0.438166602,https://leetcode.com/problems/zero-array-transformation-ii,"Array, Binary Search, Prefix Sum",
EASY,Remove Linked List Elements,32.7,0.514060175,https://leetcode.com/problems/remove-linked-list-elements,"Linked List, Recursion",
EASY,Binary Search,32.7,0.592953667,https://leetcode.com/problems/binary-search,"Array, Binary Search",
MEDIUM,Valid Sudoku,32.7,0.618916806,https://leetcode.com/problems/valid-sudoku,"Array, Hash Table, Matrix",
MEDIUM,Delete Nodes And Return Forest,32.7,0.724221249,https://leetcode.com/problems/delete-nodes-and-return-forest,"Array, Hash Table, Tree, Depth-First Search, Binary Tree",
EASY,Find the Index of the First Occurrence in a String,32.7,0.446518667,https://leetcode.com/problems/find-the-index-of-the-first-occurrence-in-a-string,"Two Pointers, String, String Matching",
MEDIUM,Word Search,32.7,0.448387579,https://leetcode.com/problems/word-search,"Array, String, Backtracking, Depth-First Search, Matrix",
MEDIUM,Rotting Oranges,32.7,0.561814809,https://leetcode.com/problems/rotting-oranges,"Array, Breadth-First Search, Matrix",
EASY,Isomorphic Strings,32.7,0.46563765,https://leetcode.com/problems/isomorphic-strings,"Hash Table, String",
EASY,Remove Element,32.7,0.596806699,https://leetcode.com/problems/remove-element,"Array, Two Pointers",
MEDIUM,Maximum Subarray,32.7,0.518640174,https://leetcode.com/problems/maximum-subarray,"Array, Divide and Conquer, Dynamic Programming",
EASY,Search Insert Position,32.7,0.485762202,https://leetcode.com/problems/search-insert-position,"Array, Binary Search",
EASY,Move Zeroes,32.7,0.626410582,https://leetcode.com/problems/move-zeroes,"Array, Two Pointers",
EASY,Reverse Linked List,32.7,0.78849521,https://leetcode.com/problems/reverse-linked-list,"Linked List, Recursion",
MEDIUM,Palindrome Partitioning,32.7,0.716239932,https://leetcode.com/problems/palindrome-partitioning,"String, Dynamic Programming, Backtracking",
MEDIUM,Rotate Array,32.7,0.426525609,https://leetcode.com/problems/rotate-array,"Array, Math, Two Pointers",
MEDIUM,"Pow(x, n)",32.7,0.366948314,https://leetcode.com/problems/powx-n,"Math, Recursion",
EASY,Contains Duplicate,32.7,0.629553006,https://leetcode.com/problems/contains-duplicate,"Array, Hash Table, Sorting",
MEDIUM,Insert Delete GetRandom O(1),32.7,0.549680183,https://leetcode.com/problems/insert-delete-getrandom-o1,"Array, Hash Table, Math, Design, Randomized",
EASY,Add Binary,32.7,0.55367945,https://leetcode.com/problems/add-binary,"Math, String, Bit Manipulation, Simulation",
MEDIUM,Convert Object to JSON String,32.7,0.778339654,https://leetcode.com/problems/convert-object-to-json-string,,
MEDIUM,Validate Binary Search Tree,32.7,0.341178467,https://leetcode.com/problems/validate-binary-search-tree,"Tree, Depth-First Search, Binary Search Tree, Binary Tree",
MEDIUM,Count and Say,32.7,0.581829408,https://leetcode.com/problems/count-and-say,String,
MEDIUM,Unique Paths,32.7,0.655375919,https://leetcode.com/problems/unique-paths,"Math, Dynamic Programming, Combinatorics",
MEDIUM,Random Pick with Weight,32.7,0.483271798,https://leetcode.com/problems/random-pick-with-weight,"Array, Math, Binary Search, Prefix Sum, Randomized",
MEDIUM,Minimum Area Rectangle II,32.7,0.554379194,https://leetcode.com/problems/minimum-area-rectangle-ii,"Array, Math, Geometry",
MEDIUM,Swap Nodes in Pairs,32.7,0.667518052,https://leetcode.com/problems/swap-nodes-in-pairs,"Linked List, Recursion",
